{
  "solo": 1.0,
  "pipeline": 0.5,
  "emergent": 0.8333333333333334,
  "details": {
    "fib_mod": {
      "solo": 1.0,
      "pipeline": 0.6666666666666666,
      "emergent": 1.0
    },
    "combo": {
      "solo": 1.0,
      "pipeline": 0.3333333333333333,
      "emergent": 0.6666666666666666
    }
  }
}