{
  "cycle": 52,
  "timestamp": "2026-02-28T04:54:38.323242",
  "added_edge_ids": [
    "e-242",
    "e-243",
    "e-244"
  ],
  "before": {
    "E_v4": 0.3248,
    "edge_span_raw": 12.369294605809129,
    "edge_span_norm": 0.10394365214965655,
    "n_edges": 241,
    "long_edges": 10
  },
  "after": {
    "E_v4": 0.3237,
    "edge_span_raw": 13.290983606557377,
    "edge_span_norm": 0.11168893787023006,
    "n_edges": 244,
    "long_edges": 13
  },
  "delta_E_v4": -0.0011,
  "verdict": "미지지"
}