{
  "cycle": 86,
  "method": "bootstrap_cv_minimization",
  "n_bootstrap": 1000,
  "sample_ratio": 0.7,
  "full_kg_components": {
    "CSER": 0.8364611260053619,
    "DCI": 0.07731305449936629,
    "edge_span_norm": 0.11793693348653135,
    "node_age_div": 0.29562089271181574
  },
  "optimization_result": {
    "weights": [
      0.2821948909265072,
      0.0512717935052495,
      0.0512717935052495,
      0.6152615220629939
    ],
    "cv": 0.01565672101683227,
    "method": "projected_gradient_descent+random_search"
  },
  "comparison": {
    "current_weights": [
      0.35,
      0.25,
      0.25,
      0.15
    ],
    "optimal_weights": [
      0.2821948909265072,
      0.0512717935052495,
      0.0512717935052495,
      0.6152615220629939
    ],
    "l2_distance": 0.5477696749931328,
    "max_component_diff": 0.46526152206299387,
    "is_validated": false,
    "verdict": "updated",
    "current_stats": {
      "mean": 0.4054824928063438,
      "std": 0.010968571677153824,
      "cv": 0.027050666481900007,
      "min": 0.3745639342653785,
      "max": 0.4500978895530932
    },
    "optimal_stats": {
      "mean": 0.4324382063402451,
      "std": 0.006770564353688566,
      "cv": 0.01565672101683227,
      "min": 0.4103732992017776,
      "max": 0.4515980354416778
    },
    "cv_improvement": 0.42120756886680005
  },
  "latex_weights": {
    "current": "[0.35, 0.25, 0.25, 0.15]",
    "optimal": "['0.282', '0.051', '0.051', '0.615']"
  }
}